{"cameraMode":{"drawMode":0,"name":"Shaded","section":"Shading Mode"},"sceneLighting":false,"audioPlay":false,"sceneViewState":{"m_AlwaysRefresh":false,"showFog":true,"showSkybox":true,"showFlares":true,"showImageEffects":true,"showParticleSystems":true,"showVisualEffectGraphs":true,"m_FxEnabled":true},"in2DMode":false,"pivot":{"x":1.9309295415878297,"y":0.25997820496559145,"z":-39.037071228027347},"rotation":{"x":0.12723618745803834,"y":0.6442062854766846,"z":-0.10985736548900604,"w":0.7461824417114258},"size":13.897297859191895,"orthographic":false}